{
    "bomb": {
        "rotate": [
            0.0,
            0.0,
            3.8459999561309814
        ],
        "scale": [
            -12.0,
            32.0,
            1.0
        ],
        "translate": [
            40.0,
            -8.0,
            34.6150016784668
        ]
    }
}
