{
    "bomb": {
        "rotate": [
            0.0,
            0.0,
            3.8459999561309814
        ],
        "scale": [
            8.0,
            4.0,
            1.0
        ],
        "translate": [
            0.0,
            0.0,
            -1.8459999561309814
        ]
    }
}
