{
    "bomb": {
        "randRangeX": [
            -0.10000000149011612,
            0.10000000149011612
        ],
        "randRangeY": [
            -0.10000000149011612,
            0.10000000149011612
        ],
        "randRangeZ": [
            -0.10000000149011612,
            0.10000000149011612
        ],
        "rotate": [
            0.0,
            0.0,
            3.8459999561309814
        ],
        "scale": [
            0.10000000149011612,
            0.10000000149011612,
            0.10000000149011612
        ],
        "size": 0.0,
        "translate": [
            0.5,
            0.00800000037997961,
            -2.1740000247955322
        ],
        "velocity": [
            0.0,
            0.0,
            0.0
        ]
    }
}
