{
    "carBrakeSmoke": {
        "randRangeX": [
            -0.05000000074505806,
            0.05000000074505806
        ],
        "randRangeY": [
            -0.05000000074505806,
            0.05000000074505806
        ],
        "randRangeZ": [
            -0.05000000074505806,
            0.05000000074505806
        ],
        "rotate": [
            0.0,
            0.0,
            0.0
        ],
        "scale": [
            0.10000000149011612,
            0.10000000149011612,
            0.10000000149011612
        ],
        "translate": [
            -0.699999988079071,
            0.0,
            -2.7139999866485596
        ]
    }
}
