{
    "carBrakeSmokeRight": {
        "randRangeX": [
            -0.10000000149011612,
            0.10000000149011612
        ],
        "randRangeY": [
            -0.10000000149011612,
            0.10000000149011612
        ],
        "randRangeZ": [
            -0.10000000149011612,
            0.10000000149011612
        ],
        "rotate": [
            0.0,
            0.0,
            0.0
        ],
        "scale": [
            0.10000000149011612,
            0.10000000149011612,
            0.10000000149011612
        ],
        "translate": [
            0.6499999761581421,
            0.0,
            -0.21739999949932098
        ],
        "velocity": [
            0.0,
            0.0,
            0.0
        ]
    }
}
