{
    "Player": {
        "head Translation": [
            0.0,
            -1.600000023841858,
            0.0
        ],
        "main Translation": [
            -10.0,
            2.4000000953674316,
            0.0
        ]
    }
}
